<MODEL>
    <!-- 符号名称，如 地震 -->
    <CAPTION>建筑公司</CAPTION>  
    <!-- 符号描述 如 地震是***  -->
    <DESCRIPTION>建筑公司是指依法自主经营、自负盈亏、独立核算，从事建筑商品生产和经营，具有法人资格的经济实体</DESCRIPTION>
    <!-- 符号的文件名，如 a.gltf -->
    <FILE>建筑公司.gltf</FILE>
    <!-- 缩略图名，如 a.gif -->
    <THUMBNAIL>建筑公司.gif</THUMBNAIL>
    <!-- 符号支持的参数，不清楚可先不填 -->
    <PARAMETERS>
        <PARAMETER>
            <NAME></NAME>
            <MEAN></MEAN>
            <TYPE></TYPE>
            <DEFAULTVALUE></DEFAULTVALUE>
            <MINVALUE></MINVALUE>
            <MAXVALUE></MAXVALUE>
            <CATEGORY></CATEGORY>
        </PARAMETER>
        <PARAMETER></PARAMETER>
    </PARAMETERS>
</MODEL>
